{"cameraMode":{"drawMode":0,"name":"Shaded","section":"Shading Mode"},"sceneLighting":true,"audioPlay":false,"sceneViewState":{"m_AlwaysRefresh":false,"showFog":true,"showSkybox":true,"showFlares":true,"showImageEffects":true,"showParticleSystems":true,"showVisualEffectGraphs":true,"m_FxEnabled":true},"in2DMode":false,"pivot":{"x":-7.626378059387207,"y":4.353821277618408,"z":-0.33584854006767275},"rotation":{"x":0.30352792143821719,"y":0.005717119667679071,"z":-0.001821592333726585,"w":0.9528054594993591},"size":10.10192584991455,"orthographic":true}