{"cameraMode":{"drawMode":0,"name":"Shaded","section":"Shading Mode"},"sceneLighting":true,"audioPlay":false,"sceneViewState":{"m_AlwaysRefresh":false,"showFog":true,"showSkybox":true,"showFlares":true,"showImageEffects":true,"showParticleSystems":true,"showVisualEffectGraphs":true,"m_FxEnabled":true},"in2DMode":false,"pivot":{"x":-7.626378059387207,"y":4.353821277618408,"z":-0.33584854006767275},"rotation":{"x":0.2855614721775055,"y":-0.5706533789634705,"z":0.22094003856182099,"w":0.7375600934028626},"size":10.178276062011719,"orthographic":true}