{"cameraMode":{"drawMode":0,"name":"Shaded","section":"Shading Mode"},"sceneLighting":true,"audioPlay":false,"sceneViewState":{"m_AlwaysRefresh":false,"showFog":true,"showSkybox":true,"showFlares":true,"showImageEffects":true,"showParticleSystems":true,"showVisualEffectGraphs":true,"m_FxEnabled":true},"in2DMode":false,"pivot":{"x":-7.626378059387207,"y":4.353821277618408,"z":-0.33584854006767275},"rotation":{"x":0.07945122569799423,"y":-0.8433923721313477,"z":0.13005557656288148,"w":0.5152314901351929},"size":6.262763500213623,"orthographic":true}