{"cameraMode":{"drawMode":0,"name":"Shaded","section":"Shading Mode"},"sceneLighting":false,"audioPlay":false,"sceneViewState":{"m_AlwaysRefresh":false,"showFog":true,"showSkybox":false,"showFlares":true,"showImageEffects":true,"showParticleSystems":true,"showVisualEffectGraphs":true,"m_FxEnabled":true},"in2DMode":false,"pivot":{"x":0.0065577030181884769,"y":0.015259657055139542,"z":-0.010625302791595459},"rotation":{"x":0.3191329836845398,"y":-0.021321306005120279,"z":0.007181729190051556,"w":0.9474477767944336},"size":0.5736064314842224,"orthographic":true}