{"cameraMode":{"drawMode":0,"name":"Shaded","section":"Shading Mode"},"sceneLighting":false,"audioPlay":false,"sceneViewState":{"m_AlwaysRefresh":false,"showFog":true,"showSkybox":false,"showFlares":true,"showImageEffects":true,"showParticleSystems":true,"showVisualEffectGraphs":true,"m_FxEnabled":true},"in2DMode":false,"pivot":{"x":-0.10186615586280823,"y":0.5973916053771973,"z":-0.2810314893722534},"rotation":{"x":-0.001353426487185061,"y":-0.9932258725166321,"z":0.1156310960650444,"w":-0.011625071987509728},"size":0.7135222554206848,"orthographic":true}