{"cameraMode":{"drawMode":0,"name":"Shaded","section":"Shading Mode"},"sceneLighting":false,"audioPlay":false,"sceneViewState":{"m_AlwaysRefresh":false,"showFog":true,"showSkybox":false,"showFlares":true,"showImageEffects":true,"showParticleSystems":true,"showVisualEffectGraphs":true,"m_FxEnabled":true},"in2DMode":false,"pivot":{"x":-1.4162287712097169,"y":-0.1257939636707306,"z":0.2538203001022339},"rotation":{"x":0.013579808175563813,"y":0.8242506980895996,"z":-0.01978583075106144,"w":0.5657175183296204},"size":2.286844253540039,"orthographic":true}