{"cameraMode":{"drawMode":0,"name":"Shaded","section":"Shading Mode"},"sceneLighting":false,"audioPlay":false,"sceneViewState":{"m_AlwaysRefresh":false,"showFog":true,"showSkybox":false,"showFlares":true,"showImageEffects":true,"showParticleSystems":true,"showVisualEffectGraphs":true,"m_FxEnabled":true},"in2DMode":false,"pivot":{"x":0.5167105197906494,"y":5.021799087524414,"z":1.7414216995239258},"rotation":{"x":0.0069339582696557049,"y":0.8762913346290588,"z":-0.4815691411495209,"w":0.012618027627468109},"size":3.047805070877075,"orthographic":true}