{"cameraMode":{"drawMode":0,"name":"Shaded","section":"Shading Mode"},"sceneLighting":false,"audioPlay":false,"sceneViewState":{"m_AlwaysRefresh":false,"showFog":true,"showSkybox":false,"showFlares":true,"showImageEffects":true,"showParticleSystems":true,"showVisualEffectGraphs":true,"m_FxEnabled":true},"in2DMode":false,"pivot":{"x":0.5167105197906494,"y":5.021799087524414,"z":1.7414216995239258},"rotation":{"x":0.004196176305413246,"y":0.9763843417167664,"z":-0.01904189959168434,"w":0.21516065299510957},"size":3.047805070877075,"orthographic":true}